---- Empresa
-- Exemplo 1
INSERT INTO EMPRESA (CNPJ, NOME, RUA, NUMERO, CEP)
VALUES ('12.345.678/0001-01', 'Empresa Facebook LTDA', 'Rua Principal', 123, '12345-678');

-- Exemplo 2
INSERT INTO EMPRESA (CNPJ, NOME, RUA, NUMERO, CEP)
VALUES ('98.765.432/0001-02', 'Indústria Tikinho S/A', 'Avenida Secundária', 456, '98765-432');

-- Exemplo 3
INSERT INTO EMPRESA (CNPJ, NOME, RUA, NUMERO, CEP)
VALUES ('11.222.333/0001-03', 'Comércio e Simões EFG', 'Travessa Terceira', 789, '11111-222');

-- Exemplo 4
INSERT INTO EMPRESA (CNPJ, NOME, RUA, NUMERO, CEP)
VALUES ('44.555.666/0001-04', 'Serviços Moranguete LTDA', 'Praça Quarta', 987, '44444-555');

---Coordenador
-- Exemplo 1
INSERT INTO COORDENADOR (CPF, NOME, DATA_NASC, RUA, NUMERO, CEP)
VALUES ('123.456.789-00', 'João Silva', TO_DATE('1980-05-15', 'YYYY-MM-DD'), 'Rua Principal', 123, '12345-678');

-- Exemplo 2
INSERT INTO COORDENADOR (CPF, NOME, DATA_NASC, RUA, NUMERO, CEP)
VALUES ('987.654.321-00', 'Maria Souza', TO_DATE('1975-10-20', 'YYYY-MM-DD'), 'Avenida Secundária', 456, '98765-432');

-- Exemplo 3
INSERT INTO COORDENADOR (CPF, NOME, DATA_NASC, RUA, NUMERO, CEP)
VALUES ('111.222.333-00', 'Carlos Santos', TO_DATE('1990-02-28', 'YYYY-MM-DD'), 'Travessa Terceira', 789, '11111-222');

-- Exemplo 4
INSERT INTO COORDENADOR (CPF, NOME, DATA_NASC, RUA, NUMERO, CEP)
VALUES ('444.555.666-00', 'Ana Oliveira', TO_DATE('1985-12-10', 'YYYY-MM-DD'), 'Praça Quarta', 987, '44444-555');

---Monitor
-- Exemplo 1
INSERT INTO MONITOR (CPF, NOME, DATA_NASC, RUA, NUMERO, CEP)
VALUES ('123.456.789-00', 'Pedro Santos', TO_DATE('1995-07-20', 'YYYY-MM-DD'), 'Rua Principal', 123, '12345-678');

-- Exemplo 2
INSERT INTO MONITOR (CPF, NOME, DATA_NASC, RUA, NUMERO, CEP)
VALUES ('987.654.321-00', 'Laura Silva', TO_DATE('1993-09-10', 'YYYY-MM-DD'), 'Avenida Secundária', 456, '98765-432');

-- Exemplo 3
INSERT INTO MONITOR (CPF, NOME, DATA_NASC, RUA, NUMERO, CEP)
VALUES ('111.222.333-00', 'Carlos Oliveira', TO_DATE('1998-03-15', 'YYYY-MM-DD'), 'Travessa Terceira', 789, '11111-222');

-- Exemplo 4
INSERT INTO MONITOR (CPF, NOME, DATA_NASC, RUA, NUMERO, CEP)
VALUES ('444.555.666-00', 'Isabela Souza', TO_DATE('1996-11-05', 'YYYY-MM-DD'), 'Praça Quarta', 987, '44444-555');

---Escola parceira
-- Exemplo 1
INSERT INTO ESCOLA_PARCEIRA (CODIGO_INEP, NOME, RUA, NUMERO, CEP)
VALUES (12345678, 'Escola A', 'Rua Principal', 123, '12345-678');

-- Exemplo 2
INSERT INTO ESCOLA_PARCEIRA (CODIGO_INEP, NOME, RUA, NUMERO, CEP)
VALUES (87654321, 'Escola B', 'Avenida Secundária', 456, '98765-432');

-- Exemplo 3
INSERT INTO ESCOLA_PARCEIRA (CODIGO_INEP, NOME, RUA, NUMERO, CEP)
VALUES (11112222, 'Escola C', 'Travessa Terceira', 789, '11111-222');

-- Exemplo 4
INSERT INTO ESCOLA_PARCEIRA (CODIGO_INEP, NOME, RUA, NUMERO, CEP)
VALUES (44445555, 'Escola D', 'Praça Quarta', 987, '44444-555');

--- Curso
INSERT INTO CURSO VALUES ('PYTHON', 2019, '2', 'N', 'João Silva');
INSERT INTO CURSO VALUES ('C', 2019, '1', 'N', 'João Silva');
INSERT INTO CURSO VALUES ('JAVASCRIPT', 2020, '1', 'N', 'Maria Souza');
INSERT INTO CURSO VALUES ('HTML', 2020, '2', 'N', 'Carlos Santos');
INSERT INTO CURSO VALUES ('C/C++', 2020, '2', 'N', 'Ana Oliveira');
INSERT INTO CURSO VALUES ('C#', 2023, '1', 'S', 'João Silva');
INSERT INTO CURSO VALUES ('JAVA', 2021, '1', 'N', 'Carlos Santos');
INSERT INTO CURSO VALUES ('SQL', 2019, '1', 'N', 'Carlos Santos');
INSERT INTO CURSO VALUES ('R', 2022, '2', 'N', 'Ana Oliveira');


---Sala
INSERT INTO SALA VALUES (1, 1, 1);
INSERT INTO SALA VALUES (2, 2, 2);
INSERT INTO SALA VALUES (1, 1, 3); -- S2


---Turma
INSERT INTO TURMA(LINGUAGEM, ANO, SEMESTRE, NUMERO_TURMA, QTD_ALUNOS, BLOCO, ANDAR, NUMERO)
    VALUES ('PYTHON', 2023, '1', 1, 1, 1, 1, 1);
INSERT INTO TURMA(LINGUAGEM, ANO, SEMESTRE, NUMERO_TURMA, QTD_ALUNOS, BLOCO, ANDAR, NUMERO)
    VALUES ('JAVASCRIPT', 2021, '2', 2, 2, 2, 2, 2);


---Aluno
-- Exemplo 1
INSERT INTO ALUNO (CPF, REG_ALUNO, ANO_ESCOLAR, GRAU_ENSINO, NOME, DATA_NASC, RUA, NUMERO, CEP, TURMA_ATUAL, ESCOLA)
VALUES ('123.456.789-01', '202100001', 2, 'F', 'Joana Silva', TO_DATE('2009-08-15', 'YYYY-MM-DD'), 'Rua das Flores', 123, '12345-678', 101, 12345678);

-- Exemplo 2
INSERT INTO ALUNO (CPF, REG_ALUNO, ANO_ESCOLAR, GRAU_ENSINO, NOME, DATA_NASC, RUA, NUMERO, CEP, TURMA_ATUAL, ESCOLA)
VALUES ('987.654.321-09', '202100002', 5, 'M', 'Pedro Santos', TO_DATE('2006-03-22', 'YYYY-MM-DD'), 'Avenida Principal', 456, '98765-432', 102, 87654321);

-- Exemplo 3
INSERT INTO ALUNO (CPF, REG_ALUNO, ANO_ESCOLAR, GRAU_ENSINO, NOME, DATA_NASC, RUA, NUMERO, CEP, TURMA_ATUAL, ESCOLA)
VALUES ('111.222.333-45', '202100003', 1, 'F', 'Maria Oliveira', TO_DATE('2011-11-05', 'YYYY-MM-DD'), 'Rua dos Sonhos', 789, '11111-222', NULL, 11112222);

-- Exemplo 4
INSERT INTO ALUNO (CPF, REG_ALUNO, ANO_ESCOLAR, GRAU_ENSINO, NOME, DATA_NASC, RUA, NUMERO, CEP, TURMA_ATUAL, ESCOLA)
VALUES ('444.555.666-78', '202100004', 3, 'M', 'Lucas Santos', TO_DATE('2008-06-10', 'YYYY-MM-DD'), 'Praça Central', 987, '44444-555', 201, 44445555);