---- Empresa
INSERT INTO EMPRESA (CNPJ, NOME, RUA, NUMERO, CEP)
VALUES ('12.345.678/0001-01', 'Empresa Facebook LTDA', 'Rua Principal', 123, '12345-678');

INSERT INTO EMPRESA (CNPJ, NOME, RUA, NUMERO, CEP)
VALUES ('98.765.432/0001-02', 'Indústria Tikinho S/A', 'Avenida Secundária', 456, '98765-432');

INSERT INTO EMPRESA (CNPJ, NOME, RUA, NUMERO, CEP)
VALUES ('11.222.333/0001-03', 'Comércio e Simões EFG', 'Travessa Terceira', 789, '11111-222');

INSERT INTO EMPRESA (CNPJ, NOME, RUA, NUMERO, CEP)
VALUES ('44.555.666/0001-04', 'Serviços Moranguete LTDA', 'Praça Quarta', 987, '44444-555');

---Coordenador
INSERT INTO COORDENADOR (CPF, NOME, DATA_NASC, RUA, NUMERO, CEP)
VALUES ('123.456.789-00', 'João Silva', TO_DATE('1980-05-15', 'YYYY-MM-DD'), 'Rua Principal', 123, '12345-678');

INSERT INTO COORDENADOR (CPF, NOME, DATA_NASC, RUA, NUMERO, CEP)
VALUES ('987.654.321-00', 'Maria Souza', TO_DATE('1975-10-20', 'YYYY-MM-DD'), 'Avenida Secundária', 456, '98765-432');

INSERT INTO COORDENADOR (CPF, NOME, DATA_NASC, RUA, NUMERO, CEP)
VALUES ('111.222.333-00', 'Carlos Santos', TO_DATE('1990-02-28', 'YYYY-MM-DD'), 'Travessa Terceira', 789, '11111-222');

INSERT INTO COORDENADOR (CPF, NOME, DATA_NASC, RUA, NUMERO, CEP)
VALUES ('444.555.666-00', 'Ana Oliveira', TO_DATE('1985-12-10', 'YYYY-MM-DD'), 'Praça Quarta', 987, '44444-555');

---Monitor
INSERT INTO MONITOR (CPF, NOME, DATA_NASC, RUA, NUMERO, CEP)
VALUES ('121.111.789-00', 'Pedro Santos', TO_DATE('1995-07-20', 'YYYY-MM-DD'), 'Rua Principal', 123, '12345-678');

INSERT INTO MONITOR (CPF, NOME, DATA_NASC, RUA, NUMERO, CEP)
VALUES ('222.222.222-00', 'Laura Silva', TO_DATE('1993-09-10', 'YYYY-MM-DD'), 'Avenida Secundária', 456, '98765-432');

INSERT INTO MONITOR (CPF, NOME, DATA_NASC, RUA, NUMERO, CEP)
VALUES ('333.333.333-00', 'Carlos Oliveira', TO_DATE('1998-03-15', 'YYYY-MM-DD'), 'Travessa Terceira', 789, '11111-222');

INSERT INTO MONITOR (CPF, NOME, DATA_NASC, RUA, NUMERO, CEP)
VALUES ('444.444.444-00', 'Isabela Souza', TO_DATE('1996-11-05', 'YYYY-MM-DD'), 'Praça Quarta', 987, '44444-555');

---Escola parceira
INSERT INTO ESCOLA_PARCEIRA (CODIGO_INEP, NOME, RUA, NUMERO, CEP)
VALUES (12345678, 'Escola A', 'Rua Principal', 123, '12345-678');

INSERT INTO ESCOLA_PARCEIRA (CODIGO_INEP, NOME, RUA, NUMERO, CEP)
VALUES (87654321, 'Escola B', 'Avenida Secundária', 456, '98765-432');

INSERT INTO ESCOLA_PARCEIRA (CODIGO_INEP, NOME, RUA, NUMERO, CEP)
VALUES (11112222, 'Escola C', 'Travessa Terceira', 789, '11111-222');

INSERT INTO ESCOLA_PARCEIRA (CODIGO_INEP, NOME, RUA, NUMERO, CEP)
VALUES (44445555, 'Escola D', 'Praça Quarta', 987, '44444-555');

--- Curso
INSERT INTO CURSO VALUES ('Python', 2019, '2', 'N', 'João Silva');
INSERT INTO CURSO VALUES ('C', 2019, '1', 'N', 'João Silva');
INSERT INTO CURSO VALUES ('Javascript', 2020, '1', 'N', 'Maria Souza');
INSERT INTO CURSO VALUES ('C/C++', 2020, '2', 'N', 'Ana Oliveira');
INSERT INTO CURSO VALUES ('C#', 2023, '1', 'S', 'João Silva');


---Sala
INSERT INTO SALA VALUES (1, 1, 1);
INSERT INTO SALA VALUES (2, 0, 2);
INSERT INTO SALA VALUES (6, 3, 1);
INSERT INTO SALA VALUES (6, 3, 2);
INSERT INTO SALA VALUES (5, 0, 1);
INSERT INTO SALA VALUES (5, 1, 2);
INSERT INTO SALA VALUES (1, 1, 3); -- S2


---Turma
INSERT INTO TURMA(LINGUAGEM, ANO, SEMESTRE, NUMERO_TURMA, QTD_ALUNOS, BLOCO, ANDAR, NUMERO)
    VALUES ('Python', 2019, '2', 1, 1, 1, 1, 1);
    
INSERT INTO TURMA(LINGUAGEM, ANO, SEMESTRE, NUMERO_TURMA, QTD_ALUNOS, BLOCO, ANDAR, NUMERO)
    VALUES ('Python', 2019, '2', 2, 1, 2, 0, 2);

INSERT INTO TURMA(LINGUAGEM, ANO, SEMESTRE, NUMERO_TURMA, QTD_ALUNOS, BLOCO, ANDAR, NUMERO)
    VALUES ('C', 2019, '1', 1, 1, 6, 3, 1);

INSERT INTO TURMA(LINGUAGEM, ANO, SEMESTRE, NUMERO_TURMA, QTD_ALUNOS, BLOCO, ANDAR, NUMERO)
    VALUES ('C', 2019, '1', 2, 1, 6, 3, 2);

INSERT INTO TURMA(LINGUAGEM, ANO, SEMESTRE, NUMERO_TURMA, QTD_ALUNOS, BLOCO, ANDAR, NUMERO)
    VALUES ('Javascript', 2020, '1', 1, 1, 6, 3, 1);

INSERT INTO TURMA(LINGUAGEM, ANO, SEMESTRE, NUMERO_TURMA, QTD_ALUNOS, BLOCO, ANDAR, NUMERO)
    VALUES ('Javascript', 2020, '1', 2, 1, 6, 3, 2);

INSERT INTO TURMA(LINGUAGEM, ANO, SEMESTRE, NUMERO_TURMA, QTD_ALUNOS, BLOCO, ANDAR, NUMERO)
    VALUES ('C/C++', 2020, '2', 1, 1, 5, 0, 1);

INSERT INTO TURMA(LINGUAGEM, ANO, SEMESTRE, NUMERO_TURMA, QTD_ALUNOS, BLOCO, ANDAR, NUMERO)
    VALUES ('C/C++', 2020, '2', 2, 1, 5, 1, 2);

INSERT INTO TURMA(LINGUAGEM, ANO, SEMESTRE, NUMERO_TURMA, QTD_ALUNOS, BLOCO, ANDAR, NUMERO)
    VALUES ('Python', 2019, '2', 1, 1, 1, 1, 1);

INSERT INTO TURMA(LINGUAGEM, ANO, SEMESTRE, NUMERO_TURMA, QTD_ALUNOS, BLOCO, ANDAR, NUMERO)
    VALUES ('Javascript', 2020, '1', 1, 2, 6, 3, 1);


---Aluno
INSERT INTO ALUNO (CPF, REG_ALUNO, ANO_ESCOLAR, GRAU_ENSINO, NOME, DATA_NASC, RUA, NUMERO, CEP, TURMA_ATUAL, ESCOLA)
VALUES ('123.456.789-01', '202100001', 2, 'F', 'Joana Silva', TO_DATE('2009-08-15', 'YYYY-MM-DD'), 'Rua das Flores', 123, '12345-678', 101, 12345678);

INSERT INTO ALUNO (CPF, REG_ALUNO, ANO_ESCOLAR, GRAU_ENSINO, NOME, DATA_NASC, RUA, NUMERO, CEP, TURMA_ATUAL, ESCOLA)
VALUES ('987.654.321-09', '202100002', 5, 'M', 'Pedro Santos', TO_DATE('2006-03-22', 'YYYY-MM-DD'), 'Avenida Principal', 456, '98765-432', 102, 87654321);

INSERT INTO ALUNO (CPF, REG_ALUNO, ANO_ESCOLAR, GRAU_ENSINO, NOME, DATA_NASC, RUA, NUMERO, CEP, TURMA_ATUAL, ESCOLA)
VALUES ('111.222.333-45', '202100003', 1, 'F', 'Maria Oliveira', TO_DATE('2011-11-05', 'YYYY-MM-DD'), 'Rua dos Sonhos', 789, '11111-222', NULL, 11112222);

INSERT INTO ALUNO (CPF, REG_ALUNO, ANO_ESCOLAR, GRAU_ENSINO, NOME, DATA_NASC, RUA, NUMERO, CEP, TURMA_ATUAL, ESCOLA)
VALUES ('444.555.666-78', '202100004', 3, 'M', 'Lucas Santos', TO_DATE('2008-06-10', 'YYYY-MM-DD'), 'Praça Central', 987, '44444-555', 201, 44445555);

-- Dispostivo
INSERT INTO DISPOSITIVO VALUES ('123456789012', 'Tipo1', 'Modelo1', 'EMPRESTADO', 2, '12.345.678/0001-01');

INSERT INTO DISPOSITIVO VALUES ('987654321098', 'Tipo2', 'Modelo2', 'DISPONIVEL', 0, '98.765.432/0001-02');

INSERT INTO DISPOSITIVO VALUES ('456789012345', 'Tipo3', 'Modelo3', 'EM MANUTENCAO', 1, '11.222.333/0001-03');

INSERT INTO DISPOSITIVO VALUES ('789012345678', 'Tipo4', 'Modelo4', 'EXTRAVIADO', 0, '44.555.666/0001-04');

INSERT INTO DISPOSITIVO VALUES ('234567890123', 'Tipo5', 'Modelo5', 'FORA DE SERVICO', 3, '44.555.666/0001-04');


-- Transacao
INSERT INTO TRANSACAO VALUES (
    '12.345.678/0001-01',
    '123.456.789-00',
    TO_DATE('2023-06-26', 'YYYY-MM-DD'),
    987654321012,
    123456789012,
    100.00,
    'TRANSACAO1'
);

INSERT INTO TRANSACAO VALUES (
    '98.765.432/0001-02',
    '111.222.333-00',
    TO_DATE('2023-06-25', 'YYYY-MM-DD'),
    123456789012,
    987654321012,
    50.00,
    'TRANSACAO2'
);

INSERT INTO TRANSACAO VALUES (
    '11.222.333/0001-03',
    '444.555.666-00',
    TO_DATE('2023-06-24', 'YYYY-MM-DD'),
    789012345678,
    234567890123,
    200.00,
    'TRANSACAO3'
);

INSERT INTO EMPRESTIMO (DISPOSITIVO, ALUNO, DATA, DATA_DEVOLUCAO)
VALUES ('123456789012', '123.456.789-01', TO_DATE('2023-06-25', 'YYYY-MM-DD'), TO_DATE('2023-07-02', 'YYYY-MM-DD')),
       ('987654321098', '987.654.321-09', TO_DATE('2023-06-26', 'YYYY-MM-DD'), TO_DATE('2023-07-03', 'YYYY-MM-DD')),
       ('456789012345', '111.222.333-45', TO_DATE('2023-06-27', 'YYYY-MM-DD'), TO_DATE('2023-07-04', 'YYYY-MM-DD'));

INSERT INTO MANUTENCAO (DATA, DISPOSITIVO, NOME_DO_TECNICO)
VALUES (TO_DATE('2023-06-25', 'YYYY-MM-DD'), '123456789012', 'João Silva');

INSERT INTO MANUTENCAO (DATA, DISPOSITIVO, NOME_DO_TECNICO)
VALUES (TO_DATE('2023-06-26', 'YYYY-MM-DD'), '987654321098', 'Maria Oliveira');

INSERT INTO MANUTENCAO (DATA, DISPOSITIVO, NOME_DO_TECNICO)
VALUES (TO_DATE('2023-06-27', 'YYYY-MM-DD'), '456789012345', 'Pedro Santos');
