---- Empresa
INSERT INTO EMPRESA (CNPJ, NOME, RUA, NUMERO, CEP)
VALUES ('12.345.678/0001-01', 'Empresa Facebook LTDA', 'Rua Principal', 123, '12345-678');

INSERT INTO EMPRESA (CNPJ, NOME, RUA, NUMERO, CEP)
VALUES ('98.765.432/0001-02', 'Indústria Tikinho S/A', 'Avenida Secundária', 456, '98765-432');

INSERT INTO EMPRESA (CNPJ, NOME, RUA, NUMERO, CEP)
VALUES ('11.222.333/0001-03', 'Comércio e Simões EFG', 'Travessa Terceira', 789, '11111-222');

INSERT INTO EMPRESA (CNPJ, NOME, RUA, NUMERO, CEP)
VALUES ('44.555.666/0001-04', 'Serviços Moranguete LTDA', 'Praça Quarta', 987, '44444-555');

---Coordenador
INSERT INTO COORDENADOR (CPF, NOME, DATA_NASC, RUA, NUMERO, CEP)
VALUES ('123.456.789-00', 'João Silva', TO_DATE('1980-05-15', 'YYYY-MM-DD'), 'Rua Principal', 123, '12345-678');

INSERT INTO COORDENADOR (CPF, NOME, DATA_NASC, RUA, NUMERO, CEP)
VALUES ('987.654.321-00', 'Maria Souza', TO_DATE('1975-10-20', 'YYYY-MM-DD'), 'Avenida Secundária', 456, '98765-432');

INSERT INTO COORDENADOR (CPF, NOME, DATA_NASC, RUA, NUMERO, CEP)
VALUES ('111.222.333-00', 'Carlos Santos', TO_DATE('1990-02-28', 'YYYY-MM-DD'), 'Travessa Terceira', 789, '11111-222');

INSERT INTO COORDENADOR (CPF, NOME, DATA_NASC, RUA, NUMERO, CEP)
VALUES ('444.555.666-00', 'Ana Oliveira', TO_DATE('1985-12-10', 'YYYY-MM-DD'), 'Praça Quarta', 987, '44444-555');

---Monitor
INSERT INTO MONITOR (CPF, NOME, DATA_NASC, RUA, NUMERO, CEP)
VALUES ('121.111.789-00', 'Pedro Santos', TO_DATE('1995-07-20', 'YYYY-MM-DD'), 'Rua Principal', 123, '12345-678');

INSERT INTO MONITOR (CPF, NOME, DATA_NASC, RUA, NUMERO, CEP)
VALUES ('222.222.222-00', 'Laura Silva', TO_DATE('1993-09-10', 'YYYY-MM-DD'), 'Avenida Secundária', 456, '98765-432');

INSERT INTO MONITOR (CPF, NOME, DATA_NASC, RUA, NUMERO, CEP)
VALUES ('333.333.333-00', 'Carlos Oliveira', TO_DATE('1998-03-15', 'YYYY-MM-DD'), 'Travessa Terceira', 789, '11111-222');

INSERT INTO MONITOR (CPF, NOME, DATA_NASC, RUA, NUMERO, CEP)
VALUES ('444.444.444-00', 'Isabela Souza', TO_DATE('1996-11-05', 'YYYY-MM-DD'), 'Praça Quarta', 987, '44444-555');


---Escola parceira
INSERT INTO ESCOLA_PARCEIRA (CODIGO_INEP, NOME, RUA, NUMERO, CEP)
VALUES (12345678, 'Escola A', 'Rua Principal', 123, '12345-678');

INSERT INTO ESCOLA_PARCEIRA (CODIGO_INEP, NOME, RUA, NUMERO, CEP)
VALUES (87654321, 'Escola B', 'Avenida Secundária', 456, '98765-432');

INSERT INTO ESCOLA_PARCEIRA (CODIGO_INEP, NOME, RUA, NUMERO, CEP)
VALUES (11112222, 'Escola C', 'Travessa Terceira', 789, '11111-222');

INSERT INTO ESCOLA_PARCEIRA (CODIGO_INEP, NOME, RUA, NUMERO, CEP)
VALUES (44445555, 'Escola D', 'Praça Quarta', 987, '44444-555');

--- Curso
INSERT INTO CURSO VALUES ('Python', 2019, '2', 'N', '123.456.789-00');
INSERT INTO CURSO VALUES ('C', 2019, '1', 'N', '123.456.789-00');
INSERT INTO CURSO VALUES ('Javascript', 2020, '1', 'N', '987.654.321-00');
INSERT INTO CURSO VALUES ('C/C++', 2020, '2', 'N', '444.555.666-00');
INSERT INTO CURSO VALUES ('C#', 2023, '1', 'S', '123.456.789-00');


---Sala
INSERT INTO SALA VALUES (1, 1, 1);
INSERT INTO SALA VALUES (2, 0, 2);
INSERT INTO SALA VALUES (6, 3, 1);
INSERT INTO SALA VALUES (6, 3, 2);
INSERT INTO SALA VALUES (5, 0, 1);
INSERT INTO SALA VALUES (5, 1, 2);
INSERT INTO SALA VALUES (1, 1, 3); -- S2


---Turma
-- ID 1 - Coord: João Silva
INSERT INTO TURMA(LINGUAGEM, ANO, SEMESTRE, NUMERO_TURMA, QTD_ALUNOS, BLOCO, ANDAR, NUMERO)
    VALUES ('Python', 2019, '2', 1, 1, 1, 1, 1);

-- ID 2 - Coord: João Silva
INSERT INTO TURMA(LINGUAGEM, ANO, SEMESTRE, NUMERO_TURMA, QTD_ALUNOS, BLOCO, ANDAR, NUMERO)
    VALUES ('Python', 2019, '2', 2, 1, 2, 0, 2);

-- ID 3 - Coord: João Silva
INSERT INTO TURMA(LINGUAGEM, ANO, SEMESTRE, NUMERO_TURMA, QTD_ALUNOS, BLOCO, ANDAR, NUMERO)
    VALUES ('C', 2019, '1', 1, 1, 6, 3, 1);

-- ID 4 - Coord: João Silva
INSERT INTO TURMA(LINGUAGEM, ANO, SEMESTRE, NUMERO_TURMA, QTD_ALUNOS, BLOCO, ANDAR, NUMERO)
    VALUES ('C', 2019, '1', 2, 1, 6, 3, 2);

-- ID 5 - Coord: Maria Souza
INSERT INTO TURMA(LINGUAGEM, ANO, SEMESTRE, NUMERO_TURMA, QTD_ALUNOS, BLOCO, ANDAR, NUMERO)
    VALUES ('Javascript', 2020, '1', 1, 1, 6, 3, 1);

-- ID 6 - Coord: Maria Souza
INSERT INTO TURMA(LINGUAGEM, ANO, SEMESTRE, NUMERO_TURMA, QTD_ALUNOS, BLOCO, ANDAR, NUMERO)
    VALUES ('Javascript', 2020, '1', 2, 1, 6, 3, 2);

-- ID 7 - Coord: Ana Oliveira
INSERT INTO TURMA(LINGUAGEM, ANO, SEMESTRE, NUMERO_TURMA, QTD_ALUNOS, BLOCO, ANDAR, NUMERO)
    VALUES ('C/C++', 2020, '2', 1, 1, 5, 0, 1);

-- ID 8 - Coord: Ana Oliveira
INSERT INTO TURMA(LINGUAGEM, ANO, SEMESTRE, NUMERO_TURMA, QTD_ALUNOS, BLOCO, ANDAR, NUMERO)
    VALUES ('C/C++', 2020, '2', 2, 1, 5, 1, 2);

-- ID 9 - Coord: João Silva
INSERT INTO TURMA(LINGUAGEM, ANO, SEMESTRE, NUMERO_TURMA, QTD_ALUNOS, BLOCO, ANDAR, NUMERO)
    VALUES ('C#', 2023, '1', 1, 1, 1, 1, 1);

-- ID 10 - Coord: João Silva
INSERT INTO TURMA(LINGUAGEM, ANO, SEMESTRE, NUMERO_TURMA, QTD_ALUNOS, BLOCO, ANDAR, NUMERO)
    VALUES ('C#', 2020, '1', 1, 2, 6, 3, 1);

---Aluno
INSERT INTO ALUNO (CPF, REG_ALUNO, ANO_ESCOLAR, GRAU_ENSINO, NOME, DATA_NASC, RUA, NUMERO, CEP, TURMA_ATUAL, ESCOLA)
    VALUES ('123.456.789-01', '30178851212395', 2, 'F', 'Joana Silva', TO_DATE('2009-08-15', 'YYYY-MM-DD'), 'Rua das Flores', 123, '12345-678', 101, 12345678);

INSERT INTO ALUNO (CPF, REG_ALUNO, ANO_ESCOLAR, GRAU_ENSINO, NOME, DATA_NASC, RUA, NUMERO, CEP, TURMA_ATUAL, ESCOLA)
    VALUES ('987.654.321-09', '19178981212395', 5, 'M', 'Pedro Santos', TO_DATE('2006-03-22', 'YYYY-MM-DD'), 'Avenida Principal', 456, '98765-432', 102, 87654321);

INSERT INTO ALUNO (CPF, REG_ALUNO, ANO_ESCOLAR, GRAU_ENSINO, NOME, DATA_NASC, RUA, NUMERO, CEP, TURMA_ATUAL, ESCOLA)
    VALUES ('111.222.333-45', '19178851210323', 1, 'F', 'Maria Oliveira', TO_DATE('2011-11-05', 'YYYY-MM-DD'), 'Rua dos Sonhos', 789, '11111-222', NULL, 11112222);

INSERT INTO ALUNO (CPF, REG_ALUNO, ANO_ESCOLAR, GRAU_ENSINO, NOME, DATA_NASC, RUA, NUMERO, CEP, TURMA_ATUAL, ESCOLA)
    VALUES ('444.555.666-78', '19178851262395', 3, 'M', 'Lucas Santos', TO_DATE('2008-06-10', 'YYYY-MM-DD'), 'Praça Central', 987, '44444-555', 201, 01978235);

INSERT INTO ALUNO (CPF, REG_ALUNO, ANO_ESCOLAR, GRAU_ENSINO, NOME, DATA_NASC, RUA, NUMERO, CEP, TURMA_ATUAL, ESCOLA)
    VALUES ('589.580.129-31', '19622481124238', 1, 'M', 'Jorge Matos', TO_DATE('2008-10-01', 'YYYY-MM-DD'), 'Rua das Rosas', 22, '51241-382', 103, 51234154);

INSERT INTO ALUNO (CPF, REG_ALUNO, ANO_ESCOLAR, GRAU_ENSINO, NOME, DATA_NASC, RUA, NUMERO, CEP, TURMA_ATUAL, ESCOLA)
    VALUES ('515.632.197-02', '19178851212395', 2, 'M', 'Carlos Pedreira', TO_DATE('2009-07-29', 'YYYY-MM-DD'), 'Avenida Paulista', 1018, '12363-092', 103, 01978235);

INSERT INTO ALUNO (CPF, REG_ALUNO, ANO_ESCOLAR, GRAU_ENSINO, NOME, DATA_NASC, RUA, NUMERO, CEP, TURMA_ATUAL, ESCOLA)
    VALUES ('091.152.609-28', '75912768072414', 9, 'F', 'Julia Akemi', TO_DATE('2009-01-23', 'YYYY-MM-DD'), 'Avenida Jabaquara', 1029, '13212-897', 178, 10293512);

INSERT INTO ALUNO (CPF, REG_ALUNO, ANO_ESCOLAR, GRAU_ENSINO, NOME, DATA_NASC, RUA, NUMERO, CEP, TURMA_ATUAL, ESCOLA)
    VALUES ('190.233.105-12', '65178932134180', 2, 'M', 'Marcia Souza', TO_DATE('2009-06-01', 'YYYY-MM-DD'), 'Avenida Brasil', 183, '01975-129', 201, 10293512);

INSERT INTO ALUNO (CPF, REG_ALUNO, ANO_ESCOLAR, GRAU_ENSINO, NOME, DATA_NASC, RUA, NUMERO, CEP, TURMA_ATUAL, ESCOLA)
    VALUES ('521.344.636-81', '75012389304143', 1, 'M', 'Thiago Costa', TO_DATE('2007-10-19', 'YYYY-MM-DD'), 'Rua das laranjeiras', 83, '01218-365', 103, 11112222);

INSERT INTO ALUNO (CPF, REG_ALUNO, ANO_ESCOLAR, GRAU_ENSINO, NOME, DATA_NASC, RUA, NUMERO, CEP, TURMA_ATUAL, ESCOLA)
    VALUES ('109.630.983-24', '00172383219874', 3, 'M', 'Armando Ferreira', TO_DATE('2006-05-25', 'YYYY-MM-DD'), 'Avenida Jabaquara', 1029, '13212-897', 201, 12345678);

INSERT INTO ALUNO (CPF, REG_ALUNO, ANO_ESCOLAR, GRAU_ENSINO, NOME, DATA_NASC, RUA, NUMERO, CEP, TURMA_ATUAL, ESCOLA)
    VALUES ('192.357.432-43', '78120389750124', 9, 'F', 'Julio Rodrigues', TO_DATE('2010-01-02', 'YYYY-MM-DD'), 'Avenida Jabaquara', 1029, '13212-897', 178, 10293512);

INSERT INTO ALUNO (CPF, REG_ALUNO, ANO_ESCOLAR, GRAU_ENSINO, NOME, DATA_NASC, RUA, NUMERO, CEP, TURMA_ATUAL, ESCOLA)
    VALUES ('032.436.646-41', '01238748912749', 4, 'F', 'Renan Carvalho', TO_DATE('2012-05-19', 'YYYY-MM-DD'), 'Avenida Jabaquara', 1029, '13212-897', 101, 01978235);


-- Dispostivo
INSERT INTO DISPOSITIVO VALUES ('123456789012', 'Tipo1', 'Modelo1', 'EMPRESTADO', 2, '12.345.678/0001-01');

INSERT INTO DISPOSITIVO VALUES ('987654321098', 'Tipo2', 'Modelo2', 'DISPONIVEL', 0, '98.765.432/0001-02');

INSERT INTO DISPOSITIVO VALUES ('456789012345', 'Tipo3', 'Modelo3', 'EM MANUTENCAO', 1, '11.222.333/0001-03');

INSERT INTO DISPOSITIVO VALUES ('789012345678', 'Tipo4', 'Modelo4', 'EXTRAVIADO', 0, '44.555.666/0001-04');

INSERT INTO DISPOSITIVO VALUES ('234567890123', 'Tipo5', 'Modelo5', 'FORA DE SERVICO', 3, '44.555.666/0001-04');


-- Transacao
INSERT INTO TRANSACAO VALUES (
    '12.345.678/0001-01',
    '123.456.789-00',
    TO_DATE('2023-06-26', 'YYYY-MM-DD'),
    987654321012,
    123456789012,
    100.00,
    'TRANSACAO1'
);

INSERT INTO TRANSACAO VALUES (
    '98.765.432/0001-02',
    '111.222.333-00',
    TO_DATE('2023-06-25', 'YYYY-MM-DD'),
    123456789012,
    987654321012,
    50.00,
    'TRANSACAO2'
);

INSERT INTO TRANSACAO VALUES (
    '11.222.333/0001-03',
    '444.555.666-00',
    TO_DATE('2023-06-24', 'YYYY-MM-DD'),
    789012345678,
    234567890123,
    200.00,
    'TRANSACAO3'
);

-- Empréstimo
INSERT INTO EMPRESTIMO (DISPOSITIVO, ALUNO, DATA, DATA_DEVOLUCAO)
VALUES ('123456789012', '123.456.789-01', TO_DATE('2023-06-25', 'YYYY-MM-DD'), TO_DATE('2023-07-02', 'YYYY-MM-DD')),
       ('987654321098', '987.654.321-09', TO_DATE('2023-06-26', 'YYYY-MM-DD'), TO_DATE('2023-07-03', 'YYYY-MM-DD')),
       ('456789012345', '111.222.333-45', TO_DATE('2023-06-27', 'YYYY-MM-DD'), TO_DATE('2023-07-04', 'YYYY-MM-DD'));


-- Manutenção
INSERT INTO MANUTENCAO (DATA, DISPOSITIVO, NOME_DO_TECNICO)
VALUES (TO_DATE('2023-06-25', 'YYYY-MM-DD'), '123456789012', 'João Silva');

INSERT INTO MANUTENCAO (DATA, DISPOSITIVO, NOME_DO_TECNICO)
VALUES (TO_DATE('2023-06-26', 'YYYY-MM-DD'), '987654321098', 'Maria Oliveira');

INSERT INTO MANUTENCAO (DATA, DISPOSITIVO, NOME_DO_TECNICO)
VALUES (TO_DATE('2023-06-27', 'YYYY-MM-DD'), '456789012345', 'Pedro Santos');


-- Aula
INSERT INTO AULA(TURMA, DATA, DIA_SEMANA, HORA, TEMA, DESCRICAO)
    VALUES (1, TO_DATE('2023-06-29', 'YYYY-MM-DD'), 'QUARTA', '10:00', 'Introdução à Programação', 'Aula introdutória sobre conceitos básicos de programação.');

INSERT INTO AULA(TURMA, DATA, DIA_SEMANA, HORA, TEMA, DESCRICAO)
    VALUES (1, TO_DATE('2023-07-05', 'YYYY-MM-DD'), 'TERCA', '14:30', 'Estruturas de Dados', 'Aula sobre estruturas de dados e suas aplicações.');

INSERT INTO AULA(TURMA, DATA, DIA_SEMANA, HORA, TEMA, DESCRICAO)
    VALUES (2, TO_DATE('2023-07-01', 'YYYY-MM-DD'), 'QUINTA', '09:00', 'Programação Orientada a Objetos', 'Aula sobre os princípios e conceitos da programação orientada a objetos.');

INSERT INTO AULA(TURMA, DATA, DIA_SEMANA, HORA, TEMA, DESCRICAO)
    VALUES (2, TO_DATE('2023-07-07', 'YYYY-MM-DD'), 'QUARTA', '13:45', 'Manipulação de Arquivos', 'Aula prática sobre a manipulação de arquivos em linguagem de programação.');

INSERT INTO AULA(TURMA, DATA, DIA_SEMANA, HORA, TEMA, DESCRICAO)
    VALUES (3, TO_DATE('2023-07-03', 'YYYY-MM-DD'), 'SEGUNDA', '16:30', 'Introdução ao JavaScript', 'Aula introdutória sobre os fundamentos da linguagem JavaScript.');


-- Exercicio
INSERT INTO EXERCICIO(TURMA, DATA_AULA, NUMERO, DESCRICAO, GABARITO, DATA_ENTREGA)
    VALUES (1, TO_DATE('2023-06-29', 'YYYY-MM-DD'), 1, 'Exercício de lógica de programação', 'A', TO_DATE('2023-07-05', 'YYYY-MM-DD'));

INSERT INTO EXERCICIO(TURMA, DATA_AULA, NUMERO, DESCRICAO, GABARITO, DATA_ENTREGA)
    VALUES (1, TO_DATE('2023-06-29', 'YYYY-MM-DD'), 2, 'Exercício sobre estruturas condicionais', 'B', TO_DATE('2023-07-08', 'YYYY-MM-DD'));

INSERT INTO EXERCICIO(TURMA, DATA_AULA, NUMERO, DESCRICAO, GABARITO, DATA_ENTREGA)
    VALUES (2, TO_DATE('2023-07-01', 'YYYY-MM-DD'), 1, 'Exercício de programação orientada a objetos', 'C', TO_DATE('2023-07-07', 'YYYY-MM-DD'));

INSERT INTO EXERCICIO(TURMA, DATA_AULA, NUMERO, DESCRICAO, GABARITO, DATA_ENTREGA)
    VALUES (2, TO_DATE('2023-07-01', 'YYYY-MM-DD'), 2, 'Exercício de manipulação de arquivos', 'D', TO_DATE('2023-07-10', 'YYYY-MM-DD'));

INSERT INTO EXERCICIO(TURMA, DATA_AULA, NUMERO, DESCRICAO, GABARITO, DATA_ENTREGA)
    VALUES (3, TO_DATE('2023-07-03', 'YYYY-MM-DD'), 1, 'Exercício de JavaScript básico', 'E', TO_DATE('2023-07-09', 'YYYY-MM-DD'));

-- Resposta
INSERT INTO RESPOSTA(ALUNO, TURMA, DATA_AULA, EXERCICIO, ALTERNATIVA, DATA_SUBMISSAO, COMENTARIO)
    VALUES ('123.456.789-01', 1, TO_DATE('2023-06-29', 'YYYY-MM-DD'), 1, 'A', TO_DATE('2023-07-05', 'YYYY-MM-DD'), 'Resposta correta.');

INSERT INTO RESPOSTA(ALUNO, TURMA, DATA_AULA, EXERCICIO, ALTERNATIVA, DATA_SUBMISSAO, COMENTARIO)
    VALUES ('987.654.321-09', 1, TO_DATE('2023-06-29', 'YYYY-MM-DD'), 1, 'B', TO_DATE('2023-07-06', 'YYYY-MM-DD'), 'Resposta incorreta.');

INSERT INTO RESPOSTA(ALUNO, TURMA, DATA_AULA, EXERCICIO, ALTERNATIVA, DATA_SUBMISSAO, COMENTARIO)
    VALUES ('987.654.321-09', 1, TO_DATE('2023-06-29', 'YYYY-MM-DD'), 2, 'C', TO_DATE('2023-07-07', 'YYYY-MM-DD'), 'Resposta correta.');

INSERT INTO RESPOSTA(ALUNO, TURMA, DATA_AULA, EXERCICIO, ALTERNATIVA, DATA_SUBMISSAO, COMENTARIO)
    VALUES ('444.555.666-78', 2, TO_DATE('2023-07-01', 'YYYY-MM-DD'), 1, 'D', TO_DATE('2023-07-05', 'YYYY-MM-DD'), 'Resposta correta.');

INSERT INTO RESPOSTA(ALUNO, TURMA, DATA_AULA, EXERCICIO, ALTERNATIVA, DATA_SUBMISSAO, COMENTARIO)
    VALUES ('444.555.666-78', 2, TO_DATE('2023-07-01', 'YYYY-MM-DD'), 2, 'E', TO_DATE('2023-07-06', 'YYYY-MM-DD'), 'Resposta incorreta.');

-- Frequencia
-- Aluno 1 presente na primeira aula da turma 1
INSERT INTO FREQUENCIA(ALUNO, TURMA, DATA_AULA)
    VALUES ('123.456.789-01', 1, TO_DATE('2023-06-29', 'YYYY-MM-DD'));

-- Aluno 2 presente na primeira aula da turma 1
INSERT INTO FREQUENCIA(ALUNO, TURMA, DATA_AULA)
    VALUES ('987.654.321-09', 1, TO_DATE('2023-06-29', 'YYYY-MM-DD'));

-- Aluno 3 presente na primeira aula da turma 2
INSERT INTO FREQUENCIA(ALUNO, TURMA, DATA_AULA)
    VALUES ('111.222.333-45', 2, TO_DATE('2023-07-01', 'YYYY-MM-DD'));

-- Aluno 4 presente na primeira aula da turma 2
INSERT INTO FREQUENCIA(ALUNO, TURMA, DATA_AULA)
    VALUES ('444.555.666-78', 2, TO_DATE('2023-07-01', 'YYYY-MM-DD'));


-- Monitoria
INSERT INTO MONITORIA (TURMA, MONITOR)
    VALUES (1, '121.111.789-00');

INSERT INTO MONITORIA (TURMA, MONITOR)
    VALUES (2, '222.222.222-00');

INSERT INTO MONITORIA (TURMA, MONITOR)
    VALUES (3, '333.333.333-00');


-- Aluno pertence a Turma
INSERT INTO ALUNO_PERT_TURMA(ID, ALUNO)
    VALUES (1, '123.456.789-01');

INSERT INTO ALUNO_PERT_TURMA(ID, ALUNO)
    VALUES (1, '987.654.321-09');

INSERT INTO ALUNO_PERT_TURMA(ID, ALUNO)
    VALUES (1, '444.555.666-78');

INSERT INTO ALUNO_PERT_TURMA(ID, ALUNO)
    VALUES (2, '123.456.789-01');

INSERT INTO ALUNO_PERT_TURMA(ID, ALUNO)
    VALUES (2, '123.456.789-01');

INSERT INTO ALUNO_PERT_TURMA(ID, ALUNO)
    VALUES (2, '123.456.789-01');

INSERT INTO ALUNO_PERT_TURMA(ID, ALUNO)
    VALUES (2, '123.456.789-01');

    --1 Empresa
    --2 Coordenador
    --3 Monitor
    --4 Escola parceira
    --5 Curso
    --6 Sala
    --7 Turma
    --8 Aluno
    --9 DISPOSITIVO
    --10 Transacao
    --11 EMPRESTIMO
    --12 Manutenção
    --13 Aula
    --14 Exercicio
    --15 Resposta
    --16 Frenquencia
    --17 Monitoria
    --18 Aluno pertence Turma
